{"Afghanistan": [25132714.893, 25132714.893, 25132714.893], "Albania": [3156532.211, 3156532.211, 3156532.211], "Algeria": [33092363.795, 33092363.795, 33092363.795], "Angola": [16219889.248, 16219889.248, 16219889.248], "Antarctica": [-59.141999999999996, -59.141999999999996, -59.141999999999996], "Argentina": [39020716.456, 39020716.456, 39020716.456], "Armenia": [3020566.097, 3020566.097, 3020566.097], "Australia": [21078549.216, 21078549.216, 21078549.216], "Austria": [8300286.595, 8300286.595, 8300286.595], "Azerbaijan": [8360368.825, 8360368.825, 8360368.825], "Bangladesh": [15341243.159, 15341243.159, 15341243.159], "Belarus": [9816116.587, 9816116.587, 9816116.587], "Belgium": [10398104.307, 10398104.307, 10398104.307], "Belize": [277755.617, 277755.617, 277755.617], "Benin": [8501376.01, 8501376.01, 8501376.01], "Bhutan": [641830.844, 641830.844, 641830.844], "Bolivia": [9290371.614, 9290371.614, 9290371.614], "Bosnia and Herzegovina": [3920419.955, 3920419.955, 3920419.955], "Botswana": [1892612.633, 1892612.633, 1892612.633], "Brazil": [187676637.139, 187676637.139, 187676637.139], "Brunei": [374477.059, 374477.059, 374477.059], "Bulgaria": [7755721.992, 7755721.992, 7755721.992], "Burkina Faso": [13960733.538, 13960733.538, 13960733.538], "Burundi": [7861385.531, 7861385.531, 7861385.531], "Cambodia": [13973276.278, 13973276.278, 13973276.278], "Cameroon": [17841706.41, 17841706.41, 17841706.41], "Canada": [33179807.648000002, 33179807.648000002, 33179807.648000002], "Central African Republic": [4253754.054, 4253754.054, 4253754.054], "Chad": [10271563.026, 10271563.026, 10271563.026], "Chile": [16369889.178, 16369889.178, 16369889.178], "China": [1313911737.934, 1313911737.934, 1313911737.934], "Colombia": [4598379.824, 4598379.824, 4598379.824], "Costa Rica": [4332260.025, 4332260.025, 4332260.025], "Croatia": [460803.416, 460803.416, 460803.416], "Cuba": [11270830.516, 11270830.516, 11270830.516], "Czech Republic": [10199554.081, 10199554.081, 10199554.081], "Democratic Republic of the Congo": [58967272.778, 58967272.778, 58967272.778], "Denmark": [5421253.322, 5421253.322, 5421253.322], "Djibouti": [806578.416, 806578.416, 806578.416], "Dominican Republic": [9474387.286, 9474387.286, 9474387.286], "East Timor": [1068889.056, 1068889.056, 1068889.056], "Ecuador": [13088597.118, 13088597.118, 13088597.118], "Egypt": [72949394.366, 72949394.366, 72949394.366], "El Salvador": [6670352.87, 6670352.87, 6670352.87], "Equatorial Guinea": [486915.095, 486915.095, 486915.095], "Eritrea": [4536876.264, 4536876.264, 4536876.264], "Estonia": [1348635.467, 1348635.467, 1348635.467], "Ethiopia": [79085905.242, 79085905.242, 79085905.242], "Falkland Islands": [4081.641, 4081.641, 4081.641], "Fiji": [830033.155, 830033.155, 830033.155], "Finland": [5276553.776, 5276553.776, 5276553.776], "France": [61045603.115, 61045603.115, 61045603.115], "French Southern and Antarctic Lands": [19.815000000000005, 19.815000000000005, 19.815000000000005], "Gabon": [1316471.206, 1316471.206, 1316471.206], "Gambia": [1618027.067, 1618027.067, 1618027.067], "Georgia": [4480443.694, 4480443.694, 4480443.694], "Germany": [82687324.961, 82687324.961, 82687324.961], "Ghana": [2276261.753, 2276261.753, 2276261.753], "Greece": [11112688.432, 11112688.432, 11112688.432], "Greenland": [98553.328, 98553.328, 98553.328], "Guatemala": [12720331.858, 12720331.858, 12720331.858], "Guinea": [9027227.497, 9027227.497, 9027227.497], "Guinea Bissau": [1599738.474, 1599738.474, 1599738.474], "Guyana": [759102.818, 759102.818, 759102.818], "Haiti": [9298993.864, 9298993.864, 9298993.864], "Honduras": [694527.956, 694527.956, 694527.956], "Hungary": [10095663.204, 10095663.204, 10095663.204], "Iceland": [305803.284, 305803.284, 305803.284], "India": [1134700559.5, 1134700559.5, 1134700559.5], "Indonesia": [226244314.276, 226244314.276, 226244314.276], "Iran": [69584313.866, 69584313.866, 69584313.866], "Iraq": [28039797.82, 28039797.82, 28039797.82], "Ireland": [4150228.025, 4150228.025, 4150228.025], "Israel": [6694273.877, 6694273.877, 6694273.877], "Italy": [5894102.5, 5894102.5, 5894102.5], "Ivory Coast": [18616503.076, 18616503.076, 18616503.076], "Jamaica": [2683492.831, 2683492.831, 2683492.831], "Japan": [127933365.559, 127933365.559, 127933365.559], "Jersey": [47.089999999999996, 47.089999999999996, 47.089999999999996], "Jordan": [5552957.022, 5552957.022, 5552957.022], "Kazakhstan": [15480694.461, 15480694.461, 15480694.461], "Kenya": [35655904.388, 35655904.388, 35655904.388], "Kosovo": [1811976.4, 1811976.4, 1811976.4], "Kuwait": [4558.852, 4558.852, 4558.852], "Kyrgyzstan": [5222843.02, 5222843.02, 5222843.02], "Laos": [589593.376, 589593.376, 589593.376], "Latvia": [2308080.499, 2308080.499, 2308080.499], "Lebanon": [402166.808, 402166.808, 402166.808], "Lesotho": [1983864.662, 1983864.662, 1983864.662], "Liberia": [3451425.025, 3451425.025, 3451425.025], "Libya": [6094216.067, 6094216.067, 6094216.067], "Lithuania": [3431424.233, 3431424.233, 3431424.233], "Luxembourg": [456668.859, 456668.859, 456668.859], "Macedonia": [2036261.298, 2036261.298, 2036261.298], "Madagascar": [18700767.332, 18700767.332, 18700767.332], "Malawi": [13235519.408, 13235519.408, 13235519.408], "Malaysia": [25685946.396, 25685946.396, 25685946.396], "Mali": [1283141.826, 1283141.826, 1283141.826], "Mauritania": [3065636.928, 3065636.928, 3065636.928], "Mexico": [104457182.416, 104457182.416, 104457182.416], "Moldova": [3880024.792, 3880024.792, 3880024.792], "Mongolia": [2737502.932, 2737502.932, 2737502.932], "Montenegro": [608031.046, 608031.046, 608031.046], "Morocco": [30539647.948, 30539647.948, 30539647.948], "Mozambique": [20611107.501, 20611107.501, 20611107.501], "Myanmar": [53648182.483, 53648182.483, 53648182.483], "Namibia": [2102001.085, 2102001.085, 2102001.085], "Nepal": [27108068.192, 27108068.192, 27108068.192], "Netherlands": [1636214.466, 1636214.466, 1636214.466], "New Caledonia": [236157.088, 236157.088, 236157.088], "New Zealand": [4124040.601, 4124040.601, 4124040.601], "Nicaragua": [5474606.806, 5474606.806, 5474606.806], "Niger": [1453115.824, 1453115.824, 1453115.824], "Nigeria": [141447177.699, 141447177.699, 141447177.699], "North Korea": [47879874.607, 47879874.607, 47879874.607], "Northern Cyprus": [837313.262, 837313.262, 837313.262], "Norway": [4669530.892, 4669530.892, 4669530.892], "Oman": [2538071.063, 2538071.063, 2538071.063], "Pakistan": [158157778.353, 158157778.353, 158157778.353], "Palestine": [3762072.315, 3762072.315, 3762072.315], "Panama": [3238872.464, 3238872.464, 3238872.464], "Papua New Guinea": [6115138.51, 6115138.51, 6115138.51], "Paraguay": [5943990.373, 5943990.373, 5943990.373], "Peru": [27402181.122, 27402181.122, 27402181.122], "Philippines": [84596113.584, 84596113.584, 84596113.584], "Poland": [38226258.526, 38226258.526, 38226258.526], "Portugal": [10537408.251, 10537408.251, 10537408.251], "Puerto Rico": [3947617.755, 3947617.755, 3947617.755], "Qatar": [797362.507, 797362.507, 797362.507], "Republic of Congo": [3644016.931, 3644016.931, 3644016.931], "Republic of Serbia": [9863090.838, 9863090.838, 9863090.838], "Romania": [21650614.813, 21650614.813, 21650614.813], "Russia": [145591344.677, 145591344.677, 145591344.677], "Rwanda": [9236287.919, 9236287.919, 9236287.919], "Saudi Arabia": [2576273.608, 2576273.608, 2576273.608], "Senegal": [1196287.132, 1196287.132, 1196287.132], "Sierra Leone": [5593561.768, 5593561.768, 5593561.768], "Slovakia": [5391871.198, 5391871.198, 5391871.198], "Slovenia": [2001499.951, 2001499.951, 2001499.951], "Solomon Islands": [475368.498, 475368.498, 475368.498], "Somalia": [8259187.09, 8259187.09, 8259187.09], "Somaliland": [3525736.09, 3525736.09, 3525736.09], "South Africa": [48060102.563, 48060102.563, 48060102.563], "South Korea": [23627818.229, 23627818.229, 23627818.229], "Spain": [43447431.578, 43447431.578, 43447431.578], "Sri Lanka": [19127314.316, 19127314.316, 19127314.316],